,2013 Summer_FPM,2016-17 Winter_FPM,2009-10 Winter_FPM,2012-13 Winter_FPM,2009 Summer_FPM,2010 Summer_FPM,2010-11 Winter_FPM,2015 Summer_FPM,2014-15 Winter_FPM,2015-16 Winter_FPM,2011-12 Winter_FPM,2012 Summer_FPM,2016 Summer_FPM,2017 Summer_FPM,2008-09 Winter_FPM,2011 Summer_FPM,2013-14 Winter_FPM,2014 Summer_FPM,2011 Summer_NO2,2013-14 Winter_NO2,2017 Summer_NO2,2014 Summer_NO2,2016 Summer_NO2,2008-09 Winter_NO2,2012-13 Winter_NO2,2009 Summer_NO2,2011-12 Winter_NO2,2012 Summer_NO2,2014-15 Winter_NO2,2015-16 Winter_NO2,2016-17 Winter_NO2,2009-10 Winter_NO2,2010-11 Winter_NO2,2010 Summer_NO2,2013 Summer_NO2,2015 Summer_NO2,2010-11 Winter_SO2,2011-12 Winter_SO2,2008-09 Winter_SO2,2012-13 Winter_SO2,2013-14 Winter_SO2,2014-15 Winter_SO2,2015-16 Winter_SO2,2009-10 Winter_SO2,2009 Summer_O3,2013 Summer_O3,2011 Summer_O3,2014 Summer_O3,2016 Summer_O3,2010 Summer_O3,2012 Summer_O3,2015 Summer_O3,2017 Summer_O3,2005_TrafficDens_Vehicle,2016_TrafficDens_Vehicle,2016_TrafficDens_Car,2005_TrafficDens_Car,2016_TrafficDens_Truck,2005_TrafficDens_Truck,CD_Name,TD_Car_05-16Chg,TD_Truck_05-16Chg,TD_Vehicle_05-16Chg,Summ_FPM_09-17Chg,Wint_FPM_09-17Chg,Summ_NO2_09-17Chg,Wint_NO2_09-17Chg,SO2_09-16Chg,O3_09-17Chg,Summ_FPM_12-17Chg,Wint_FPM_12-17Chg,Summ_NO2_12-17Chg,Wint_NO2_12-17Chg,SO2_12-16Chg,O3_12-17Chg
503,9.13,6.87,9.07,9.6,10.39,11.27,11.52,8.44,8.06,7.17,8.63,9.8,7.54,7.91,11.71,10.99,11.58,7.59,8.32,20.56,7.76,7.32,6.6,19.28,16.7,10.81,15.98,8.03,18.2,16.56,17.47,16.69,20.41,9.42,7.59,6.59,1.52,0.64,1.8,0.39,0.72,0.21,0.11,0.98,27.63,32.64,35.94,31.89,36.19,36.52,35.26,34.09,28.81,6.3,6.5,6.3,5.9,0.2,0.4,Tottenville and Great Kills (CD3),0.06779661016949143,-0.5,0.03174603174603177,-0.23869104908565933,-0.4133219470538002,-0.28214616096207223,-0.09387966804979264,-0.9388888888888889,0.04270720231632283,-0.1928571428571429,-0.284375,-0.03362391033623905,0.0461077844311377,-0.717948717948718,-0.18292682926829268
502,9.41,7.17,9.02,9.76,10.56,11.51,11.65,8.77,8.51,7.49,8.22,9.97,7.92,8.17,11.77,11.15,11.85,7.93,11.89,21.46,9.24,9.15,9.26,21.43,19.14,12.89,17.7,10.74,19.58,17.81,18.41,19.26,23.17,11.99,9.91,8.83,1.82,0.84,2.18,0.44,0.86,0.29,0.12,1.21,26.99,31.28,34.07,31.61,35.11,35.18,33.7,32.47,28.74,12.5,11.8,11.1,11.7,0.6,0.7,South Beach and Willowbrook (CD2),-0.05128205128205125,-0.14285714285714282,-0.055999999999999946,-0.22632575757575762,-0.39082412914188613,-0.2831652443754849,-0.14092393840410639,-0.944954128440367,0.06483882919599852,-0.18054162487462394,-0.26536885245901637,-0.13966480446927373,-0.03814002089864161,-0.7272727272727273,-0.14718100890207728
501,9.47,7.23,9.15,9.85,10.58,11.57,11.97,8.91,8.72,7.87,8.39,9.98,8.04,8.43,12.09,11.16,11.97,8.16,16.24,24.27,12.46,12.52,13.12,25.69,22.98,17.45,21.41,14.62,22.47,20.87,21.17,22.87,27.18,16.26,14.02,12.48,2.13,1.04,2.56,0.5,0.96,0.33,0.13,1.42,24.87,29.18,31.47,30.32,33.4,33.0,31.52,30.39,27.5,12.8,11.3,10.7,12.1,0.5,0.6,St. George and Stapleton (CD1),-0.115702479338843,-0.16666666666666663,-0.1171875,-0.20321361058601137,-0.401985111662531,-0.2859598853868194,-0.17594394706111324,-0.94921875,0.10574989947728182,-0.15531062124248504,-0.26598984771573597,-0.14774281805745543,-0.07876414273281108,-0.74,-0.12753807106598983
414,9.44,7.29,7.94,9.23,9.6,10.74,10.28,8.28,7.39,5.92,6.72,9.41,6.87,7.73,10.19,10.59,9.87,7.36,9.81,22.58,7.68,7.33,6.1,20.89,18.77,8.44,15.76,8.11,20.58,17.89,20.94,20.98,20.26,9.96,7.88,6.87,1.9,0.87,2.38,0.51,0.64,0.31,0.2,1.89,33.69,36.93,39.14,36.31,38.26,39.08,40.4,37.54,35.3,5.3,6.9,6.8,5.1,0.2,0.2,Rockaway and Broad Channel (CD14),0.33333333333333337,0.0,0.3018867924528303,-0.19479166666666659,-0.28459273797841017,-0.0900473933649289,0.0023934897079942894,-0.9159663865546218,0.047788661323834955,-0.17853347502656744,-0.21018418201516798,-0.053020961775585664,0.1156100159829516,-0.6078431372549019,-0.12623762376237627
413,9.77,7.72,8.86,9.29,9.67,10.99,11.43,8.76,8.23,6.9,8.3,9.63,7.08,8.36,11.72,10.81,10.35,7.74,15.36,25.41,12.64,12.11,12.15,25.95,20.59,16.02,20.6,14.35,22.77,21.13,24.09,23.48,25.68,16.19,14.63,12.07,2.52,1.28,3.14,0.6,1.12,0.41,0.26,2.19,27.75,31.93,33.72,33.72,34.43,34.42,34.95,32.64,31.85,30.4,30.8,30.1,29.7,0.6,0.6,Queens Village (CD13),0.01346801346801354,0.0,0.013157894736842176,-0.13547052740434337,-0.34129692832764513,-0.21098626716604238,-0.07167630057803466,-0.9171974522292993,0.1477477477477478,-0.13187954309449648,-0.16899892357373514,-0.11916376306620204,0.16998542982030113,-0.5666666666666667,-0.08869814020028616
412,10.07,7.95,9.65,9.79,10.12,11.38,11.82,9.08,8.6,7.4,8.75,9.98,7.55,8.62,12.64,11.15,10.88,8.11,17.34,27.0,13.81,13.55,13.19,28.46,23.12,18.47,22.86,16.28,24.09,22.56,24.97,25.48,28.4,17.99,16.72,13.39,2.87,1.41,3.43,0.74,1.19,0.41,0.25,2.47,26.36,31.27,33.04,32.84,34.03,33.65,33.94,32.18,31.12,18.7,16.8,16.0,17.6,0.6,0.9,Jamaica and Hollis (CD12),-0.09090909090909098,-0.33333333333333337,-0.10160427807486624,-0.1482213438735178,-0.3710443037974684,-0.2523010286951813,-0.12262825017568524,-0.9271137026239067,0.18057663125948412,-0.13627254509018047,-0.18794688457609798,-0.15171990171990174,0.08001730103806219,-0.6621621621621622,-0.08308780200353556
411,9.91,7.84,9.11,9.39,9.86,11.25,12.11,9.05,8.8,7.35,8.91,9.81,7.37,8.63,12.18,10.99,10.87,7.94,15.75,25.44,12.88,12.99,13.03,25.76,19.78,17.21,20.84,14.96,22.67,21.25,24.15,23.2,26.67,16.38,14.43,12.98,3.07,1.58,3.73,0.78,1.52,0.58,0.27,2.44,26.28,30.83,33.12,32.27,33.06,33.57,33.89,31.36,30.32,35.1,32.1,30.2,32.9,1.8,2.1,Bayside and Little Neck (CD11),-0.08206686930091184,-0.14285714285714288,-0.08547008547008547,-0.1247464503042595,-0.3563218390804598,-0.2515979081929111,-0.06250000000000011,-0.9276139410187667,0.15372907153729068,-0.12028542303771658,-0.16506922257720985,-0.13903743315508021,0.2209302325581394,-0.6538461538461539,-0.10534080849808204
410,9.73,7.57,9.48,9.6,9.98,11.18,11.47,8.78,8.3,7.32,8.21,9.72,7.43,8.29,12.6,10.9,10.74,7.91,16.78,26.92,12.78,12.93,12.12,28.57,24.08,17.65,23.04,15.49,24.13,22.46,24.45,25.64,28.73,17.03,15.84,12.79,2.89,1.36,3.37,0.83,1.07,0.41,0.22,2.53,27.2,32.27,34.17,33.05,34.86,34.6,34.79,33.12,31.69,28.5,32.3,31.4,27.1,0.8,1.3,South Ozone Park and Howard Beach (CD10),0.15867158671586704,-0.3846153846153846,0.13333333333333322,-0.16933867735470953,-0.3992063492063492,-0.2759206798866855,-0.14420721036051806,-0.9347181008902077,0.16507352941176479,-0.14711934156378614,-0.21145833333333328,-0.17495158166559074,0.01536544850498343,-0.7349397590361446,-0.08910606496119569
409,10.09,7.89,9.95,9.95,10.36,11.56,12.01,9.17,8.82,7.8,8.82,10.08,7.83,8.65,13.24,11.24,11.28,8.28,18.65,28.18,14.21,14.65,13.75,30.2,25.01,19.99,24.63,17.52,25.06,23.62,25.48,26.85,30.74,18.82,17.63,14.39,3.69,1.75,4.22,1.07,1.42,0.51,0.24,3.1,25.43,30.81,32.83,31.71,33.58,33.23,33.2,31.8,30.39,21.1,20.7,19.5,19.4,1.1,1.7,Kew Gardens and Woodhaven (CD9),0.005154639175257806,-0.35294117647058815,-0.01895734597156408,-0.16505791505791498,-0.40407854984894265,-0.289144572286143,-0.15629139072847678,-0.943127962085308,0.19504522217852932,-0.14186507936507933,-0.20703517587939696,-0.18892694063926935,0.018792483006797235,-0.7757009345794392,-0.08463855421686753
408,9.99,7.83,9.65,9.7,10.1,11.38,12.08,9.06,8.76,7.48,9.01,9.93,7.56,8.59,12.79,11.09,11.06,8.03,17.23,26.71,13.48,13.67,13.27,27.99,22.24,18.96,22.7,16.29,23.58,22.27,24.51,24.96,28.88,17.72,16.23,13.5,3.42,1.68,3.99,0.93,1.54,0.53,0.26,2.77,25.16,30.38,32.52,31.68,32.98,32.91,33.05,31.3,29.95,36.5,36.0,34.3,34.9,1.6,1.4,Hillcrest and Fresh Meadows (CD8),-0.01719197707736394,0.142857142857143,-0.0136986301369863,-0.1495049504950495,-0.3878029710711493,-0.2890295358649789,-0.12433011789924962,-0.9348370927318296,0.1903815580286168,-0.134944612286002,-0.1927835051546391,-0.1724984653161448,0.10206834532374115,-0.7204301075268817,-0.09379727685325259
407,10.13,8.04,9.58,9.94,10.27,11.62,12.59,9.36,9.27,7.72,9.26,10.11,7.85,8.92,12.79,11.28,11.51,8.23,17.39,26.93,13.89,14.52,14.0,27.66,22.11,19.23,22.78,16.44,23.97,22.63,25.43,24.83,29.01,17.79,15.58,14.4,3.87,1.98,4.5,1.18,1.85,0.74,0.26,3.03,26.29,31.46,33.95,32.01,33.48,34.01,34.48,31.92,30.28,20.9,20.8,19.5,19.6,1.1,1.2,Flushing and Whitestone (CD7),-0.005102040816326603,-0.08333333333333323,-0.004784688995215209,-0.13145082765335928,-0.3713838936669273,-0.27769110764430577,-0.08062183658712944,-0.9422222222222223,0.1517687333586916,-0.1177052423343224,-0.19114688128772642,-0.15510948905109492,0.15015829941203077,-0.7796610169491526,-0.12180974477958226
406,10.35,8.02,10.13,10.25,10.67,11.82,12.41,9.39,9.17,7.96,9.23,10.33,8.05,8.81,13.51,11.46,11.73,8.48,19.58,28.68,14.86,15.65,14.49,30.63,25.0,21.16,25.06,18.52,25.25,23.94,25.77,27.19,31.5,19.61,18.07,15.15,4.73,2.28,5.31,1.34,1.8,0.65,0.26,3.83,24.53,29.99,32.23,30.64,32.7,32.46,32.45,31.08,29.24,43.1,44.9,42.9,40.6,1.9,2.3,Rego Park and Forest Hills (CD6),0.05665024630541865,-0.17391304347826084,0.04176334106728532,-0.1743205248359887,-0.4063656550703183,-0.29773156899810965,-0.15866797257590595,-0.9510357815442562,0.19200978393803494,-0.14714424007744428,-0.21756097560975615,-0.19762419006479484,0.030799999999999984,-0.8059701492537313,-0.09892141756548549
405,10.41,8.23,9.75,10.33,10.85,12.05,12.61,9.68,9.45,8.57,9.17,10.48,8.43,9.26,13.45,11.65,11.98,8.87,18.46,28.03,13.77,14.61,13.7,29.91,25.04,19.71,24.67,17.04,24.87,23.59,25.1,26.31,30.7,18.4,16.74,14.42,3.6,1.75,4.06,1.15,1.42,0.56,0.21,2.94,26.1,31.08,33.27,31.54,33.76,33.67,33.69,32.08,30.29,23.9,20.6,19.6,22.7,0.9,1.1,Ridgewood and Maspeth (CD5),-0.1365638766519823,-0.18181818181818185,-0.13807531380753127,-0.1465437788018433,-0.3881040892193308,-0.30136986301369867,-0.16081578067535937,-0.9482758620689655,0.16053639846743287,-0.11641221374045807,-0.20329138431752175,-0.19190140845070422,0.0023961661341853945,-0.8173913043478261,-0.10092015434847132
404,10.46,8.15,9.89,10.45,10.83,12.0,12.67,9.58,9.46,8.13,9.35,10.47,8.28,9.07,13.4,11.6,12.04,8.66,21.41,30.41,16.66,17.64,16.37,32.15,26.7,22.96,26.72,20.2,26.92,25.68,27.56,28.7,33.08,21.39,19.38,17.09,5.64,2.8,6.3,1.83,2.36,0.88,0.3,4.51,24.94,30.21,32.56,30.5,32.75,32.67,32.91,31.23,29.18,37.1,38.6,36.2,34.7,2.1,2.3,Elmhurst and Corona (CD4),0.04322766570605187,-0.08695652173913032,0.04043126684636118,-0.16251154201292703,-0.39179104477611937,-0.27439024390243905,-0.14276827371695178,-0.9523809523809524,0.1700080192461908,-0.1337153772683859,-0.2200956937799042,-0.1752475247524752,0.032209737827715336,-0.8360655737704917,-0.11333941051352164
403,10.0,7.79,9.27,10.1,10.37,11.61,12.43,9.21,9.15,7.67,8.99,10.04,7.9,8.81,12.78,11.19,11.67,8.2,20.06,29.26,15.68,16.57,15.5,30.68,25.64,21.71,25.55,18.7,25.94,24.76,26.95,27.31,31.75,20.2,17.84,16.21,5.43,2.78,6.09,1.82,2.3,0.88,0.28,4.32,25.51,30.74,33.14,30.81,32.97,33.12,33.72,31.53,29.34,30.1,34.6,33.7,29.4,0.9,0.6,Jackson Heights (CD3),0.1462585034013607,0.5000000000000001,0.1495016611295681,-0.15043394406943095,-0.3904538341158059,-0.2777521879318287,-0.1215775749674055,-0.9540229885057471,0.1501372010976087,-0.12250996015936243,-0.2287128712871287,-0.16149732620320853,0.05109204368174722,-0.8461538461538461,-0.12989323843416367
402,11.59,9.36,10.21,11.73,12.12,13.32,13.98,10.99,10.9,9.78,10.28,11.7,9.77,10.68,14.15,12.85,13.5,10.17,20.5,29.49,15.92,16.7,15.8,31.32,26.77,21.4,26.18,18.71,26.28,25.18,26.54,27.33,31.64,20.49,17.98,16.44,4.25,2.26,4.81,1.47,1.73,0.71,0.22,3.43,26.36,30.71,32.84,30.95,33.37,33.29,33.81,31.65,29.49,39.6,44.4,41.1,36.9,3.3,2.5,Woodside and Sunnyside (CD2),0.11382113821138219,0.31999999999999995,0.12121212121212113,-0.11881188118811878,-0.33851590106007073,-0.25607476635514015,-0.15261813537675611,-0.9542619542619543,0.11874051593323214,-0.08717948717948715,-0.2020460358056267,-0.1491181186531267,-0.008591707134852463,-0.8503401360544218,-0.12777284826974278
401,10.35,8.19,9.32,10.77,10.83,12.09,13.06,9.72,9.74,8.23,9.39,10.46,8.46,9.52,12.98,11.62,12.3,8.76,19.63,28.53,15.42,16.08,15.23,30.35,26.0,21.22,25.25,17.79,25.43,24.39,26.48,26.43,30.75,20.01,17.08,15.93,4.46,2.46,5.05,1.71,1.93,0.81,0.24,3.58,26.26,31.21,33.33,31.14,33.44,33.45,34.55,31.83,29.47,16.0,17.8,16.7,15.2,1.0,0.7,Long Island City and Astoria (CD1),0.09868421052631579,0.42857142857142866,0.11250000000000004,-0.12096029547553097,-0.3690292758089369,-0.2733270499528746,-0.12751235584843496,-0.9524752475247524,0.12223914699162212,-0.08986615678776302,-0.23955431754874654,-0.133220910623946,0.018461538461538477,-0.8596491228070176,-0.14703328509406655
318,9.82,7.58,9.41,9.81,10.33,11.42,11.79,8.94,8.35,7.56,8.28,9.93,7.75,8.51,12.03,11.1,11.04,8.21,14.28,25.43,10.31,11.2,10.03,25.9,22.68,15.52,20.27,12.42,23.19,20.94,22.83,24.73,26.23,14.3,11.98,10.83,2.67,1.21,3.23,0.77,0.85,0.41,0.18,2.33,28.95,33.65,35.88,33.12,35.71,36.08,36.58,34.66,32.38,17.6,15.5,14.9,16.9,0.4,0.6,Flatlands and Canarsie (CD18),-0.1183431952662721,-0.33333333333333326,-0.11931818181818189,-0.1761858664085189,-0.369908561928512,-0.33569587628865977,-0.11853281853281855,-0.9442724458204333,0.11848013816925745,-0.1430010070493454,-0.22731906218144754,-0.1698872785829307,0.006613756613756551,-0.7662337662337663,-0.11481683980317102
317,10.28,7.92,10.34,10.32,10.88,11.92,12.68,9.44,8.98,8.52,9.33,10.39,8.26,9.07,13.25,11.53,11.77,8.86,18.77,28.44,13.82,15.04,13.96,30.61,26.06,21.21,24.35,16.97,25.82,23.94,25.34,28.08,30.64,18.94,16.68,14.6,3.64,1.7,4.38,0.99,1.12,0.48,0.21,3.02,25.74,31.02,32.96,31.23,33.88,33.57,33.63,32.39,30.39,37.8,22.6,21.8,36.4,0.6,1.3,East Flatbush (CD17),-0.40109890109890106,-0.5384615384615385,-0.40211640211640204,-0.1663602941176471,-0.40226415094339624,-0.34842055634134844,-0.17216595883698138,-0.952054794520548,0.18065268065268075,-0.1270452358036574,-0.23255813953488375,-0.18562168532704765,-0.027628549501151147,-0.787878787878788,-0.09634255129348801
316,10.44,8.12,10.42,10.43,10.97,12.04,12.7,9.6,9.21,8.69,9.37,10.51,8.38,9.18,13.67,11.65,11.91,8.99,19.48,28.81,14.29,15.48,14.24,31.46,26.37,21.58,25.2,17.92,25.85,24.18,25.7,28.14,31.37,19.57,17.72,15.0,3.67,1.73,4.29,1.08,1.21,0.5,0.21,3.06,25.39,30.74,32.63,31.19,33.74,33.25,33.19,32.07,30.27,33.5,25.7,24.9,31.9,0.8,1.4,Brownsville (CD16),-0.219435736677116,-0.4285714285714285,-0.2328358208955224,-0.163172288058341,-0.4059985369422093,-0.33781278962001854,-0.18308963763509223,-0.951048951048951,0.19220165419456475,-0.12654614652711704,-0.22147651006711414,-0.2025669642857144,-0.025407660219946972,-0.8055555555555556,-0.08797830671889119
315,9.75,7.4,9.12,9.78,10.38,11.37,11.6,8.77,8.12,7.08,8.04,9.9,7.66,8.25,11.23,11.06,11.02,8.03,14.61,26.24,10.99,12.07,10.67,25.38,22.96,15.63,19.89,12.62,24.25,21.6,23.61,25.71,26.08,14.44,11.46,11.38,2.66,1.18,3.3,0.72,0.84,0.44,0.18,2.29,29.33,33.64,36.24,32.4,35.37,36.2,36.83,34.76,31.68,19.9,22.8,22.2,18.8,0.4,0.8,Sheepshead Bay (CD15),0.18085106382978716,-0.5,0.14572864321608053,-0.2052023121387284,-0.3410507569011576,-0.29686500319897635,-0.06973995271867611,-0.9454545454545454,0.0801227412205933,-0.16666666666666669,-0.24335378323108375,-0.1291600633914421,0.028310104529616662,-0.7500000000000001,-0.13983165897366273
314,10.09,7.64,10.2,10.19,10.78,11.73,12.51,9.16,8.68,8.12,9.17,10.22,8.03,8.76,12.75,11.35,11.62,8.61,18.14,27.8,13.23,14.6,13.49,29.5,25.29,20.75,23.16,16.21,25.35,23.27,24.72,27.74,29.67,18.28,15.58,13.99,3.84,1.78,4.71,0.97,1.12,0.5,0.21,3.14,25.58,30.75,32.8,30.73,33.56,33.38,33.48,32.26,29.93,25.2,20.5,19.5,23.9,0.7,1.1,Flatbush and Midwood (CD14),-0.1841004184100418,-0.3636363636363637,-0.18650793650793648,-0.18738404452690163,-0.4007843137254902,-0.3624096385542169,-0.16203389830508477,-0.9554140127388535,0.17005473025801415,-0.14285714285714293,-0.25024533856722275,-0.18383713756940162,-0.02253855278766312,-0.7835051546391752,-0.10603345280764628
313,9.63,7.31,8.85,9.67,10.36,11.32,11.46,8.69,8.04,6.89,7.86,9.86,7.65,8.14,10.81,11.02,11.03,7.9,12.93,24.86,9.7,10.71,9.5,23.16,21.3,13.73,18.16,10.96,23.05,20.33,22.23,24.12,24.44,12.65,9.53,10.01,2.37,1.03,2.94,0.63,0.8,0.41,0.17,1.98,30.59,34.64,37.52,33.22,36.33,37.44,37.9,35.76,32.41,17.1,19.7,19.4,16.6,0.2,0.4,Coney Island (CD13),0.16867469879518054,-0.5,0.15204678362573085,-0.2142857142857142,-0.3237742830712304,-0.2935178441369265,-0.04015544041450776,-0.9421768707482994,0.059496567505720716,-0.17444219066937108,-0.24405377456049643,-0.11496350364963517,0.0436619718309859,-0.7301587301587301,-0.14485488126649082
312,10.02,7.63,10.09,10.14,10.78,11.74,12.59,9.19,8.73,8.22,9.23,10.2,8.1,8.84,12.64,11.34,11.71,8.63,18.99,28.27,14.01,15.37,14.56,30.04,25.9,21.82,23.8,17.0,25.93,23.9,25.19,28.28,30.42,19.15,16.33,14.82,3.57,1.67,4.4,0.89,1.11,0.48,0.2,2.82,25.28,30.4,32.44,30.6,33.45,33.2,33.11,31.98,29.63,22.4,26.2,25.8,21.5,0.4,0.8,Borough Park (CD12),0.20000000000000004,-0.5,0.16964285714285718,-0.1799628942486085,-0.39636075949367094,-0.3579285059578369,-0.16145139813581885,-0.9545454545454545,0.1720727848101265,-0.13333333333333328,-0.24753451676528604,-0.1758823529411765,-0.02741312741312731,-0.7752808988764044,-0.10510419812745396
311,9.77,7.4,9.49,9.86,10.54,11.5,12.03,8.89,8.37,7.54,8.55,9.99,7.85,8.44,11.71,11.14,11.38,8.22,17.26,27.55,13.02,14.23,13.34,27.72,24.7,19.2,22.1,15.26,25.52,23.16,24.63,27.32,28.71,17.18,14.18,13.62,2.94,1.33,3.65,0.75,0.99,0.46,0.18,2.35,27.36,32.0,34.45,31.52,34.51,34.87,34.91,33.38,30.53,19.1,18.4,17.8,18.2,0.5,0.8,Bensonhurst (CD11),-0.0219780219780219,-0.37500000000000006,-0.03664921465968601,-0.19924098671726753,-0.36806148590947907,-0.321875,-0.11147186147186147,-0.9506849315068493,0.11586257309941526,-0.1551551551551552,-0.2494929006085192,-0.14678899082568808,-0.0028340080971660034,-0.7600000000000001,-0.12546548266972202
310,9.91,7.53,9.77,10.06,10.77,11.74,12.46,9.15,8.74,8.1,9.0,10.19,8.15,8.76,12.26,11.35,11.78,8.51,18.06,27.2,13.52,14.51,14.26,28.35,24.96,20.38,22.8,16.03,25.17,23.15,23.91,26.97,29.44,18.08,15.24,14.15,2.78,1.3,3.44,0.67,0.99,0.42,0.16,2.09,25.56,30.29,32.51,30.66,33.51,33.44,32.99,31.77,29.2,30.8,28.0,26.2,28.8,1.6,1.8,Bay Ridge and Dyker Heights (CD10),-0.09027777777777783,-0.11111111111111108,-0.09090909090909093,-0.18662952646239553,-0.3858075040783034,-0.3366045142296369,-0.15661375661375665,-0.9534883720930232,0.1424100156494523,-0.14033366045142295,-0.2514910536779324,-0.1565814098565191,-0.042067307692307716,-0.7611940298507462,-0.11488329796908162
309,10.18,7.74,10.38,10.26,10.84,11.82,12.77,9.31,8.94,8.61,9.5,10.28,8.12,8.98,13.48,11.4,11.82,8.84,20.55,29.27,15.01,16.45,15.37,32.39,27.05,23.51,25.73,18.77,26.38,24.73,26.02,29.02,32.07,20.8,18.49,15.88,4.15,1.99,4.98,1.12,1.28,0.52,0.22,3.36,24.18,29.62,31.36,30.26,32.98,32.25,32.11,31.24,29.41,27.8,22.4,21.7,26.8,0.5,0.9,South Crown Heights and Lefferts Gardens (CD9),-0.19029850746268662,-0.4444444444444445,-0.19424460431654683,-0.17158671586715862,-0.4258160237388724,-0.3615482773287963,-0.1966656375424514,-0.9558232931726908,0.21629445822994212,-0.1264591439688715,-0.24561403508771926,-0.2003196590303676,-0.038077634011090614,-0.8035714285714286,-0.08408595453129863
308,10.31,7.88,10.35,10.37,10.96,11.96,12.91,9.48,9.15,8.84,9.62,10.4,8.28,9.17,13.67,11.53,12.01,9.02,21.39,29.77,15.68,17.13,16.04,33.2,27.58,24.26,26.52,19.65,26.73,25.21,26.45,29.36,32.73,21.63,19.36,16.55,4.02,1.96,4.79,1.12,1.3,0.52,0.21,3.23,23.65,29.02,30.7,29.83,32.54,31.68,31.48,30.67,28.88,26.4,26.4,25.1,25.3,1.1,1.0,Crown Heights and Prospect Heights (CD8),-0.00790513833992092,0.10000000000000009,0.0,-0.16332116788321174,-0.42355523043160204,-0.35366859027205283,-0.20331325301204828,-0.9561586638830898,0.22114164904862582,-0.11826923076923081,-0.2401157184185149,-0.20203562340966916,-0.04097171863669322,-0.8125,-0.08259212198221097
307,10.7,8.37,10.69,10.84,11.5,12.53,13.6,10.08,9.73,9.47,10.2,10.93,9.0,9.87,13.65,12.09,12.62,9.55,19.31,27.81,14.2,15.3,15.13,30.46,25.99,22.47,24.36,17.21,25.46,23.82,24.43,27.59,30.78,19.66,16.96,15.09,3.07,1.5,3.78,0.77,1.04,0.42,0.17,2.34,24.49,29.59,31.37,30.55,33.19,32.58,32.21,31.2,29.19,37.6,34.1,32.0,35.3,1.9,2.2,Sunset Park (CD7),-0.09348441926345602,-0.13636363636363646,-0.09308510638297872,-0.14173913043478267,-0.3868131868131869,-0.3680462839341344,-0.19796454366382144,-0.955026455026455,0.19191506737443867,-0.09698078682525164,-0.22785977859778603,-0.17489831493317848,-0.060023085802231584,-0.7792207792207791,-0.09375970195591429
306,10.89,8.54,10.69,11.05,11.68,12.72,13.89,10.3,10.03,9.89,10.47,11.1,9.18,10.18,14.08,12.25,12.9,9.86,21.44,29.3,15.99,17.1,16.89,32.86,27.68,24.63,26.49,19.35,26.63,25.29,25.83,28.81,32.5,21.9,19.25,16.88,3.23,1.65,3.94,0.83,1.09,0.43,0.17,2.47,23.35,28.35,29.87,29.68,32.27,31.31,30.97,30.03,28.26,32.4,26.4,24.8,30.5,1.6,1.7,Park Slope and Carroll Gardens (CD6),-0.18688524590163932,-0.05882352941176463,-0.1851851851851852,-0.1284246575342466,-0.39346590909090917,-0.35079171741778314,-0.21393791844187465,-0.9568527918781726,0.21027837259100643,-0.08288288288288288,-0.22714932126696846,-0.17364341085271323,-0.06683526011560699,-0.7951807228915662,-0.08750403616402962
305,10.33,8.09,10.17,10.26,10.74,11.89,12.34,9.48,9.05,8.33,8.99,10.38,8.22,9.0,13.41,11.54,11.62,8.73,17.57,27.51,12.99,13.71,12.62,29.54,24.93,18.95,23.78,16.12,24.66,22.98,24.55,26.48,29.77,17.63,16.14,13.44,3.26,1.52,3.78,0.98,1.13,0.46,0.21,2.79,26.66,31.88,33.87,32.3,34.57,34.31,34.35,32.92,31.2,22.3,20.8,20.0,19.8,0.8,2.4,East New York and Starrett City (CD5),0.010101010101010065,-0.6666666666666666,-0.06726457399103139,-0.16201117318435757,-0.39671886651752425,-0.31451187335092345,-0.1689234935680433,-0.9444444444444444,0.17029257314328577,-0.1329479768786128,-0.21150097465886938,-0.19416873449131516,-0.01524267950260726,-0.7857142857142857,-0.09170305676855901
304,10.42,8.14,10.0,10.39,10.96,12.06,12.75,9.64,9.37,8.8,9.34,10.49,8.42,9.27,13.64,11.64,12.06,9.03,19.96,28.97,14.69,15.87,14.8,31.68,26.43,21.76,25.76,18.39,25.82,24.46,25.93,27.78,31.75,19.98,18.09,15.48,4.09,1.99,4.71,1.25,1.45,0.58,0.22,3.34,25.32,30.37,32.31,30.98,33.47,33.0,32.9,31.66,29.93,13.9,16.6,16.2,13.4,0.4,0.5,Bushwick (CD4),0.20895522388059692,-0.19999999999999996,0.19424460431654683,-0.1541970802919709,-0.4032258064516129,-0.3249080882352942,-0.18150252525252525,-0.9532908704883227,0.18206951026856238,-0.11630123927550054,-0.21655437921077958,-0.20119630233822736,-0.018917896329928113,-0.8240000000000001,-0.09027355623100301
303,10.37,7.99,10.11,10.41,11.0,12.04,12.91,9.59,9.31,8.93,9.54,10.47,8.38,9.29,13.67,11.6,12.1,9.09,21.38,29.76,15.74,17.11,16.02,33.11,27.47,23.83,26.65,19.68,26.6,25.21,26.45,28.98,32.68,21.54,19.35,16.56,4.02,1.99,4.73,1.17,1.36,0.55,0.21,3.24,23.92,29.07,30.8,29.89,32.55,31.75,31.57,30.64,28.87,26.0,22.9,21.7,24.9,1.0,0.9,Bedford Stuyvesant (CD3),-0.1285140562248996,0.11111111111111108,-0.11923076923076928,-0.15545454545454554,-0.415508412582297,-0.33948804028535456,-0.20114768951978254,-0.9556025369978859,0.20693979933110362,-0.11270296084049679,-0.23246878001921228,-0.2002032520325203,-0.03713141609028029,-0.8205128205128205,-0.08552423186569526
302,10.98,8.45,10.62,11.15,11.74,12.72,13.78,10.25,10.03,9.76,10.38,11.12,9.07,10.04,14.23,12.23,12.96,9.86,23.13,30.49,17.33,18.58,17.83,34.5,28.67,25.95,27.75,21.17,27.38,26.13,26.73,29.83,33.53,23.47,20.8,18.02,3.67,1.92,4.41,0.99,1.23,0.49,0.19,2.86,22.71,27.62,29.06,28.9,31.63,30.46,30.22,29.39,27.57,51.6,47.6,42.5,47.6,4.9,3.8,Fort Greene and Brooklyn Heights (CD2),-0.10714285714285716,0.2894736842105265,-0.07751937984496124,-0.14480408858603075,-0.40618411806043575,-0.3321772639691715,-0.2252173913043478,-0.9569160997732425,0.214002642007926,-0.09712230215827339,-0.2421524663677131,-0.1813887576759567,-0.06766655040111619,-0.8080808080808082,-0.08769027134348109
301,11.64,9.4,10.44,11.72,12.26,13.41,14.16,11.08,10.91,10.28,10.5,11.78,9.88,10.85,14.43,12.93,13.59,10.46,21.37,29.92,16.3,17.27,16.53,32.58,27.64,22.74,26.94,19.46,26.81,25.68,26.77,28.2,32.33,21.44,18.98,17.0,3.72,1.96,4.33,1.18,1.4,0.58,0.2,2.99,25.45,29.77,31.61,30.48,32.99,32.53,32.67,31.01,29.07,28.7,27.0,23.9,26.9,3.1,1.8,Greenpoint and Williamsburg (CD1),-0.11152416356877325,0.7222222222222222,-0.059233449477351895,-0.11500815660685157,-0.3485793485793485,-0.28320140721196124,-0.17833026396562304,-0.953810623556582,0.1422396856581533,-0.07894736842105261,-0.19795221843003413,-0.16238437821171633,-0.03147612156295228,-0.8305084745762712,-0.11019283746556477
212,10.06,8.04,10.29,10.59,10.24,11.75,13.35,9.65,10.09,8.27,8.91,10.12,7.84,9.2,13.65,11.28,12.16,8.64,16.66,23.85,13.84,14.83,14.07,27.32,21.97,17.61,21.72,15.7,22.72,20.61,25.89,22.01,25.4,17.48,13.84,15.3,4.53,3.03,5.75,1.68,1.68,1.17,0.31,3.59,26.58,31.61,33.23,31.44,33.19,33.81,35.02,29.75,28.93,20.7,19.2,17.8,18.7,1.3,1.9,Williamsbridge and Baychester (CD12),-0.048128342245989233,-0.31578947368421045,-0.07246376811594203,-0.10156250000000008,-0.4109890109890111,-0.2140829074389551,-0.05234260614934113,-0.9460869565217392,0.08841234010534242,-0.09090909090909091,-0.24079320113314454,-0.11847133757961781,0.1784251251706874,-0.8154761904761905,-0.17390062821245011
211,10.12,8.06,10.38,10.62,10.34,11.77,13.36,9.59,9.9,8.07,9.3,10.17,7.9,9.18,13.55,11.32,12.1,8.53,17.59,25.4,14.44,15.44,14.57,28.25,22.89,19.41,22.67,16.52,23.64,21.79,26.47,23.69,27.27,18.45,14.97,15.65,4.79,2.97,5.89,1.79,1.9,1.1,0.31,3.76,26.1,31.59,33.45,31.37,33.21,33.7,34.96,30.48,29.23,13.6,13.6,13.0,13.0,0.4,0.5,Morris Park and Bronxdale (CD11),0.0,-0.19999999999999996,0.0,-0.11218568665377178,-0.4051660516605166,-0.256053580628542,-0.06300884955752216,-0.9473684210526316,0.11992337164750953,-0.09734513274336286,-0.24105461393596977,-0.12590799031476999,0.15640017474879853,-0.8268156424581006,-0.16390160183066363
210,10.25,8.21,9.77,10.29,10.37,11.84,13.1,9.7,9.89,8.1,9.12,10.27,8.01,9.24,13.04,11.45,11.95,8.56,16.19,25.08,13.51,14.33,13.75,26.29,21.02,17.24,21.43,15.29,23.17,21.35,25.37,22.79,26.39,16.69,13.57,14.56,3.62,2.12,4.43,1.22,1.62,0.91,0.26,2.83,27.83,32.57,34.88,32.5,34.0,35.04,35.97,31.68,30.23,27.7,29.4,26.5,24.2,2.8,3.3,Throgs Neck and Co-op City (CD10),0.09504132231404962,-0.15151515151515152,0.061371841155234634,-0.1089681774349083,-0.3703987730061349,-0.21635730858468671,-0.03499429440852028,-0.9413092550790069,0.08623787279913771,-0.10029211295034074,-0.20213799805636526,-0.11641595814257681,0.20694576593720274,-0.7868852459016393,-0.15957742563247146
209,10.37,8.23,10.59,10.89,10.64,12.02,13.58,9.76,9.95,8.14,9.9,10.42,8.23,9.43,13.66,11.58,12.25,8.63,18.37,26.81,14.97,15.76,14.9,29.14,23.96,21.07,23.67,17.1,24.41,22.92,26.45,25.18,29.16,19.29,16.04,15.82,4.93,2.87,5.86,1.85,2.06,0.99,0.29,3.85,25.56,31.54,33.59,31.34,33.25,33.54,34.87,31.19,29.33,30.8,25.4,22.9,28.4,2.3,2.3,Parkchester and Soundview (CD9),-0.19366197183098594,0.0,-0.17532467532467538,-0.11372180451127827,-0.39751098096632503,-0.28951115329852867,-0.09231297185998631,-0.9505119453924915,0.1474960876369327,-0.09500959692898275,-0.24426078971533516,-0.12456140350877197,0.103923205342237,-0.8432432432432432,-0.15887582449096643
208,10.01,7.91,11.49,11.32,10.38,11.83,14.07,9.62,10.15,8.4,9.88,10.14,7.94,9.45,14.65,11.29,12.44,8.65,16.31,22.45,13.03,13.59,13.0,28.22,23.09,19.53,21.84,14.81,21.2,19.54,24.31,21.42,25.49,18.09,14.22,14.29,5.4,3.77,6.74,2.26,1.74,1.02,0.3,4.24,23.73,30.42,31.3,30.51,32.52,31.97,33.77,28.79,27.7,18.2,16.7,15.4,17.0,1.1,1.1,Riverdale and Fieldston (CD8),-0.09411764705882351,0.0,-0.08241758241758242,-0.08959537572254349,-0.46006825938566553,-0.3328213005632361,-0.13855421686746988,-0.9554896142433235,0.1672987779182469,-0.06804733727810663,-0.3012367491166078,-0.12018906144496969,0.052836725855348585,-0.8672566371681416,-0.17974533609712773
207,10.56,8.26,12.02,11.71,10.92,12.23,14.3,9.94,10.37,8.52,10.39,10.62,8.28,9.6,14.97,11.72,12.83,9.0,19.95,26.19,16.19,17.08,15.98,31.46,25.78,23.31,24.77,18.61,24.41,22.7,27.28,25.37,29.1,21.48,17.67,17.25,9.53,6.31,11.75,3.99,3.29,1.79,0.55,7.49,23.55,30.3,31.43,30.26,32.46,31.87,33.53,29.2,27.73,30.4,27.5,25.0,28.3,2.3,1.7,Kingsbridge Heights and Bedford (CD7),-0.11660777385159013,0.35294117647058815,-0.09539473684210523,-0.12087912087912091,-0.4482297929191717,-0.30544830544830537,-0.13286713286713286,-0.9531914893617021,0.17749469214437366,-0.09604519774011296,-0.2946199829205808,-0.13003761418592144,0.05818463925523661,-0.862155388471178,-0.17297942141365943
206,10.7,8.45,11.81,11.71,11.05,12.39,14.37,10.11,10.44,8.61,10.62,10.77,8.55,9.85,14.75,11.9,12.85,9.07,20.25,27.31,16.57,17.33,16.3,31.67,26.22,23.88,25.3,18.82,25.18,23.64,27.51,26.34,30.22,21.71,18.06,17.43,6.76,4.25,8.17,2.77,2.5,1.25,0.38,5.3,23.67,30.47,31.89,30.34,32.5,32.07,33.75,29.8,28.12,37.9,36.7,32.5,34.6,3.8,2.8,Belmont and East Tremont (CD6),-0.06069364161849715,0.35714285714285715,-0.03166226912928749,-0.10859728506787339,-0.42711864406779665,-0.3061139028475712,-0.1313545942532365,-0.9534883720930233,0.18800168990283053,-0.08542246982358402,-0.2783945345858242,-0.11955366631243358,0.049199084668192325,-0.8628158844765343,-0.16681481481481478
205,11.13,8.72,12.84,12.5,11.58,12.82,15.05,10.47,10.85,9.01,11.43,11.2,8.95,10.24,15.65,12.3,13.44,9.5,22.24,28.44,18.17,18.83,17.67,34.05,28.41,26.75,27.05,20.62,26.18,24.77,28.39,27.96,31.9,24.06,20.23,18.84,10.52,6.79,12.69,4.54,3.78,1.75,0.57,8.24,22.21,29.66,30.68,29.69,32.06,30.97,32.89,29.15,27.24,52.0,39.7,34.6,47.5,5.0,4.1,Fordham and University Heights (CD5),-0.27157894736842103,0.21951219512195133,-0.23653846153846148,-0.11571675302245249,-0.44281150159744403,-0.32074766355140183,-0.16622613803230535,-0.9550827423167848,0.2264745610085546,-0.08571428571428563,-0.30239999999999995,-0.1188166828322017,-0.000703977472720858,-0.8744493392070485,-0.17178473700212837
204,11.06,8.66,12.47,12.44,11.55,12.77,14.91,10.37,10.67,8.83,11.42,11.14,8.94,10.22,15.31,12.24,13.34,9.39,22.2,28.71,17.92,18.47,17.34,33.96,28.58,26.88,27.06,20.36,26.09,24.9,28.05,28.16,32.21,24.0,20.19,18.38,8.78,5.53,10.39,3.9,3.18,1.36,0.45,6.9,22.3,29.73,30.83,29.76,32.2,31.01,33.02,29.68,27.48,46.6,37.0,32.3,42.8,4.6,3.5,Highbridge and Concourse (CD4),-0.24532710280373834,0.31428571428571417,-0.20600858369098715,-0.11515151515151516,-0.43435662965382105,-0.33333333333333326,-0.17402826855123674,-0.9566891241578441,0.23228699551569504,-0.08258527827648114,-0.3038585209003215,-0.11984282907662072,-0.018544436668999218,-0.8846153846153846,-0.16777710478497887
203,10.62,8.38,11.65,11.7,11.02,12.32,14.29,9.99,10.26,8.42,10.72,10.7,8.52,9.81,14.56,11.82,12.77,8.94,20.59,27.77,16.55,17.28,16.19,32.04,26.69,24.69,25.6,18.97,25.23,23.92,27.46,26.91,30.92,22.1,18.47,17.23,5.95,3.63,7.03,2.44,2.23,1.03,0.32,4.66,23.39,30.43,31.87,30.31,32.58,31.92,33.72,30.24,28.28,16.9,13.9,12.4,15.3,1.2,1.3,Morrisania and Crotona (CD3),-0.18954248366013074,-0.07692307692307698,-0.1775147928994082,-0.10980036297640645,-0.42445054945054944,-0.3296881328473066,-0.14294631710362043,-0.9544807965860597,0.2090637024369389,-0.08317757009345783,-0.28376068376068364,-0.1275698471270426,0.028849756463094775,-0.8688524590163935,-0.16132858837485164
202,11.13,9.04,11.39,11.88,11.49,12.85,14.51,10.6,10.76,8.99,10.92,11.22,9.19,10.41,14.48,12.38,13.15,9.45,19.4,27.8,15.72,16.33,15.53,30.52,25.71,22.71,24.95,17.78,25.17,23.94,27.0,26.32,30.57,20.53,17.22,16.41,4.4,2.55,5.12,1.74,1.84,0.83,0.25,3.45,25.51,31.87,33.77,31.65,33.74,33.65,35.25,31.83,29.69,21.1,17.9,16.6,19.5,1.1,1.4,Hunts Point and Longwood (CD2),-0.14871794871794863,-0.21428571428571416,-0.15165876777251197,-0.09399477806788512,-0.3756906077348067,-0.30779392338177014,-0.11533420707732633,-0.951171875,0.16385731085848684,-0.072192513368984,-0.2390572390572392,-0.11586051743532061,0.05017502917152855,-0.8563218390804598,-0.15773049645390066
201,11.21,8.98,11.62,12.26,11.68,12.96,14.72,10.63,10.81,9.03,11.17,11.32,9.28,10.52,14.73,12.46,13.38,9.57,21.06,28.73,16.98,17.46,16.51,32.41,27.63,24.8,26.34,19.14,25.9,24.83,27.5,27.54,31.73,22.42,18.86,17.41,4.93,2.95,5.71,2.06,1.97,0.85,0.26,3.9,23.97,30.57,32.12,30.46,32.81,32.14,33.99,30.79,28.42,34.9,30.5,27.9,32.3,2.3,2.3,Mott Haven and Melrose (CD1),-0.13622291021671823,0.0,-0.1260744985673352,-0.0993150684931507,-0.39035980991174474,-0.3153225806451613,-0.15149645171243434,-0.9544658493870403,0.18564872757613696,-0.07067137809187285,-0.2675367047308319,-0.11285266457680251,-0.004705030763662649,-0.8737864077669902,-0.1638717269785231
112,10.49,8.17,12.24,12.07,10.99,12.27,14.63,9.9,10.31,8.52,10.96,10.61,8.42,9.85,15.14,11.72,12.91,8.94,20.26,26.28,16.22,16.63,15.78,32.4,27.17,25.04,25.45,18.37,24.14,22.91,26.51,25.79,29.98,22.35,18.43,16.89,9.51,6.32,11.44,4.34,3.4,1.55,0.51,7.45,21.92,29.5,30.28,29.67,32.01,30.7,32.81,28.95,27.0,48.6,48.8,45.9,46.6,2.6,1.8,Washington Heights and Inwood (CD12),-0.015021459227467872,0.4444444444444445,0.0041152263374484715,-0.10373066424021843,-0.46036988110964333,-0.3522364217252396,-0.18179012345679005,-0.9554195804195804,0.23175182481751816,-0.0716305372290292,-0.3231151615575808,-0.11703864997278182,-0.024291497975708506,-0.8824884792626728,-0.17708015848826583
111,10.9,8.43,10.83,11.98,11.48,12.63,14.14,10.17,10.32,8.57,10.56,10.99,8.88,10.04,14.15,12.1,13.11,9.25,23.21,30.08,18.48,19.06,17.74,34.22,29.2,26.38,27.68,21.13,26.86,25.86,28.01,28.97,32.84,24.34,20.62,18.55,6.04,3.67,6.97,2.55,2.4,0.99,0.3,4.84,22.83,28.92,30.29,28.97,31.66,30.56,32.3,29.61,26.93,59.3,62.2,59.6,56.8,2.2,2.1,East Harlem (CD11),0.049295774647887404,0.04761904761904766,0.04890387858347396,-0.12543554006968652,-0.4042402826855124,-0.2994692949203942,-0.18147282291057854,-0.956958393113343,0.17958826106000883,-0.08644222020018208,-0.2963272120200334,-0.12541410317084709,-0.04075342465753417,-0.8823529411764707,-0.16625386996904018
110,10.71,8.24,11.46,12.09,11.3,12.43,14.3,9.94,10.18,8.35,10.81,10.8,8.6,9.85,14.53,11.88,13.03,9.05,24.0,29.98,18.96,19.66,18.21,35.37,29.9,28.22,28.16,21.94,26.84,25.82,28.69,29.45,33.29,25.56,21.63,19.12,7.04,4.44,8.22,3.11,2.7,1.12,0.36,5.59,21.56,28.5,29.52,28.65,31.42,29.84,31.8,29.07,26.65,31.4,30.3,29.4,30.3,0.7,0.8,Central Harlem (CD10),-0.02970297029702977,-0.1250000000000001,-0.0350318471337579,-0.12831858407079655,-0.43289745354439085,-0.32813607370659104,-0.18886061634153228,-0.9562043795620437,0.23608534322820038,-0.08796296296296306,-0.31844499586435066,-0.1358249772105743,-0.04046822742474908,-0.8842443729903537,-0.16194968553459127
109,10.78,8.3,11.63,12.28,11.4,12.53,14.49,10.04,10.31,8.51,10.97,10.89,8.71,10.0,14.72,11.97,13.17,9.17,23.68,29.49,18.76,19.28,17.99,35.2,29.89,28.01,27.99,21.51,26.47,25.49,28.23,28.96,32.89,25.39,21.4,18.88,7.89,5.08,9.25,3.52,2.88,1.19,0.39,6.26,21.3,28.29,29.17,28.54,31.29,29.59,31.63,28.77,26.35,45.6,46.5,43.7,43.7,2.6,1.6,Morningside Heights and Hamilton Heights (CD9),0.0,0.625,0.019736842105263126,-0.12280701754385967,-0.43614130434782605,-0.33023920028561227,-0.19801136363636368,-0.9578378378378378,0.2370892018779343,-0.08172635445362723,-0.3241042345276872,-0.12784751278475126,-0.05553696888591503,-0.8892045454545454,-0.16693012962377482
108,12.21,9.15,11.92,13.12,12.95,13.68,14.69,10.96,11.07,9.34,11.31,12.17,9.68,10.42,15.33,13.14,14.42,10.46,28.77,33.53,22.04,23.64,20.89,38.83,31.91,31.12,30.63,26.96,29.3,28.1,30.3,33.1,36.0,29.14,25.3,21.68,10.45,6.28,12.05,4.13,3.82,1.48,0.45,8.46,20.78,26.24,27.44,26.6,30.12,28.14,29.16,28.01,25.17,64.0,58.2,54.8,59.8,2.7,3.5,Upper East Side (CD8),-0.08361204013377926,-0.2285714285714285,-0.09062499999999996,-0.19536679536679533,-0.40313111545988256,-0.29177377892030854,-0.21967550862734994,-0.9626556016597511,0.21126082771896054,-0.1437962202136401,-0.30259146341463405,-0.18249258160237394,-0.05045440300846128,-0.8910411622276029,-0.13683127572016454
107,11.38,8.58,11.2,12.58,12.13,13.02,14.34,10.39,10.56,8.85,10.8,11.44,9.12,10.12,14.65,12.46,13.77,9.79,25.77,31.0,19.97,20.86,19.1,36.35,30.62,28.43,28.89,23.57,27.42,26.43,28.62,30.21,33.62,26.69,22.71,19.77,9.42,5.99,11.0,3.95,3.55,1.42,0.44,7.57,21.38,26.92,27.9,27.4,30.55,28.7,30.16,28.13,25.57,51.3,50.0,46.3,48.8,3.3,2.1,Upper West Side (CD7),-0.05122950819672131,0.5714285714285713,-0.025341130604288446,-0.16570486397361925,-0.4143344709897611,-0.2975729862820964,-0.21265474552957359,-0.9600000000000001,0.19597754911131907,-0.11538461538461542,-0.3179650238473768,-0.1527365294866356,-0.06531678641410843,-0.8886075949367089,-0.15218832891246684
106,13.31,9.92,13.03,14.02,14.16,14.68,15.48,11.88,11.92,10.55,12.24,13.22,10.61,11.13,16.54,14.13,15.55,11.68,34.67,37.37,26.18,28.64,24.88,44.31,35.39,37.14,34.38,33.13,32.43,31.05,32.89,37.91,40.07,34.62,30.77,25.57,7.87,4.63,9.22,2.82,2.96,1.2,0.38,6.32,17.76,23.11,23.99,24.05,28.23,25.27,25.46,25.84,23.14,86.0,70.4,67.5,80.8,1.8,3.8,Stuyvesant Town and Turtle Bay (CD6),-0.16460396039603958,-0.5263157894736842,-0.18139534883720923,-0.21398305084745758,-0.40024183796856105,-0.2950996230479268,-0.2577296321372151,-0.9587852494577006,0.30292792792792783,-0.15809379727685324,-0.29243937232524964,-0.20977965590099615,-0.07064142413111048,-0.8652482269503546,-0.09112333071484682
105,15.03,11.05,15.77,16.09,16.03,16.12,16.99,13.07,13.2,11.48,14.15,14.8,11.74,11.94,18.84,15.55,17.44,13.17,41.53,40.99,30.82,34.36,28.83,50.56,39.15,45.0,38.04,40.34,35.01,33.44,36.31,43.08,44.18,41.44,37.02,29.69,8.76,5.28,10.29,3.16,3.33,1.37,0.43,7.02,14.38,20.67,21.01,21.79,26.92,22.47,22.53,24.3,21.32,52.6,32.2,28.3,47.3,2.8,4.1,Midtown (CD5),-0.40169133192389,-0.3170731707317073,-0.38783269961977185,-0.25514660012476614,-0.41348195329087045,-0.3151111111111111,-0.2818433544303797,-0.9582118561710399,0.4826147426981919,-0.19324324324324332,-0.31323803604723427,-0.23599405057015374,-0.07254150702426555,-0.8639240506329113,-0.05370616955170887
104,12.48,9.5,11.74,13.33,13.34,14.09,15.03,11.44,11.52,10.21,11.47,12.53,10.21,11.02,15.48,13.52,14.89,11.09,30.93,34.78,23.8,25.35,22.98,40.88,33.8,32.98,32.42,28.92,30.68,29.55,31.19,34.44,37.32,31.25,27.36,23.42,6.19,3.81,7.31,2.27,2.4,0.99,0.31,4.92,20.26,25.09,25.95,26.12,29.76,27.33,27.89,27.11,24.57,47.6,53.5,48.7,43.8,4.4,3.1,Clinton and Chelsea (CD4),0.1118721461187216,0.4193548387096775,0.12394957983193274,-0.1739130434782609,-0.38630490956072355,-0.2783505154639174,-0.2370352250489237,-0.957592339261286,0.2127344521224086,-0.12051077414205905,-0.2873218304576144,-0.1770401106500692,-0.07721893491124249,-0.8634361233480176,-0.11903908210828254
103,11.25,8.55,10.39,11.59,12.04,12.94,13.85,10.39,10.3,9.65,10.32,11.35,9.19,10.11,14.24,12.42,13.39,10.04,26.23,32.23,19.88,21.27,19.89,36.88,30.54,28.32,29.61,24.26,28.66,27.5,28.44,31.44,34.91,26.42,23.31,20.15,5.89,3.32,7.01,1.82,2.17,0.85,0.29,4.63,21.59,26.1,27.36,27.34,30.41,28.82,28.81,28.0,25.91,61.9,52.4,49.5,57.7,2.2,3.8,Lower East Side and Chinatown (CD3),-0.14211438474870022,-0.4210526315789473,-0.15347334410339258,-0.16029900332225913,-0.3995786516853932,-0.29802259887005655,-0.22885032537960956,-0.9586305278174037,0.20009263547938863,-0.10925110132158593,-0.262295081967213,-0.18054410552349556,-0.06876227897838894,-0.8406593406593407,-0.1006594932315168
102,12.09,9.16,11.47,12.67,12.97,13.71,14.64,11.07,11.05,10.17,11.18,12.15,9.86,10.66,15.21,13.16,14.41,10.82,29.44,34.03,22.43,24.02,22.17,39.68,32.72,31.63,31.62,27.46,30.18,29.02,30.22,33.64,36.79,29.66,26.19,22.41,7.27,4.27,8.68,2.35,2.69,1.05,0.36,5.69,20.46,25.09,26.08,26.46,29.87,27.69,27.74,27.21,25.06,45.7,42.6,38.2,41.7,4.2,3.6,Greenwich Village and Soho (CD2),-0.08393285371702637,0.16666666666666669,-0.0678336980306346,-0.17810331534309948,-0.39776462853385935,-0.29086310464748655,-0.23840725806451615,-0.9585253456221199,0.22482893450635374,-0.12263374485596709,-0.2770323599052881,-0.18317552804078663,-0.07640586797066015,-0.846808510638298,-0.0966113914924297
101,12.22,9.11,12.28,12.77,13.15,13.76,14.81,11.04,10.98,10.29,11.61,12.25,9.83,10.53,15.74,13.22,14.51,10.92,31.02,34.54,23.03,25.15,22.85,41.26,33.12,34.24,32.12,29.25,30.4,29.1,30.37,35.11,37.93,31.24,27.81,23.01,3.96,2.25,4.79,1.16,1.44,0.57,0.21,3.04,19.11,24.41,25.23,26.1,29.81,27.04,26.63,27.06,24.81,41.5,37.2,34.5,38.8,1.9,2.0,Financial District (CD1),-0.11082474226804118,-0.050000000000000044,-0.10361445783132524,-0.1992395437262358,-0.4212198221092758,-0.32739485981308414,-0.2639360155113911,-0.9561586638830898,0.2982731554160125,-0.14040816326530617,-0.2866092404072044,-0.2126495726495726,-0.08303140096618347,-0.8189655172413793,-0.06834397296282389
